[
    {
        "date": "2025-11-14 14:04:04",
        "order_id": "AQ4NGPEV",
        "summa": 1.0,
        "service_name": "🔥Очень дешевые просмотры🔥Без списаний🔥Цена за 1 шт, Просмотры, 1000 шт.",
        "chistota": 1.0
    },
    {
        "date": "2025-11-15 10:10:31",
        "order_id": "WC4NYLUM",
        "summa": 6.48,
        "service_name": "🔥Очень дешевые просмотры🔥Без списаний🔥Цена за 1 шт, Просмотры, 6488 шт.",
        "chistota": 6.48
    },
    {
        "date": "2025-11-21 21:22:21",
        "order_id": "RRSN9YK8",
        "summa": 21.96,
        "service_name": "🔥Подписчики инстаграм 🔥Очень дёшево 🔥, Подписчики, 122 шт.",
        "chistota": 10.3,
        "spent": 11.6609,
        "currency": "RUB"
    }
]