[
    {
        "query": "",
        "form_created_at": "1731229488",
        "node_id": "1904",
        "location": "",
        "deleted": "",
        "fields[summary][ru]": "❤️💙ГАЙД КАК БЫСТРО НАБРАТЬ ИГРОКОВ В КЛАН❤️💙АВТО-ВЫДАЧА❤️💙",
        "fields[summary][en]": "❤️💙GUIDE HOW TO QUICKLY RECRUIT PLAYERS TO THE CLAN❤️💙AUTO-ISSUANCE❤️💙",
        "auto_delivery": "",
        "price": "1",
        "amount": "99999",
        "active": "on",
        "fields[desc][ru]": "",
        "fields[desc][en]": "",
        "fields[payment_msg][ru]": "https://docs.google.com/document/d/1e7tG16WeUmsdBTISn_8SWltjfxzM66qYjzf9TqXfquo/edit",
        "fields[payment_msg][en]": "https://docs.google.com/document/d/1e7tG16WeUmsdBTISn_8SWltjfxzM66qYjzf9TqXfquo/edit",
        "secrets": ""
    },
    {
        "query": "",
        "form_created_at": "1731229490",
        "node_id": "1904",
        "location": "",
        "deleted": "",
        "fields[summary][ru]": "💎АВТОВЫДАЧА💎 🔥 ОБЗОР СЕЗОННЫХ ИСПЫТАНИЙ ⚡ Clash of Clans 🔥 ✅БОНУС ЗА ОТЗЫВ✅",
        "fields[summary][en]": "💎AUTO-ISSUE💎 🔥 REVIEW OF SEASONAL CHALLENGES ⚡ Clash of Clans 🔥 ✅BONUS FOR REVIEW✅",
        "auto_delivery": "",
        "price": "1",
        "amount": "99999",
        "active": "on",
        "fields[desc][ru]": "",
        "fields[desc][en]": "",
        "fields[payment_msg][ru]": "https://telegra.ph/Clash-of-Clans-Obzor-Sezonnyh-ispytanij-01-06",
        "fields[payment_msg][en]": "https://telegra.ph/Clash-of-Clans-Obzor-Sezonnyh-ispytanij-01-06",
        "secrets": ""
    },
    {
        "query": "",
        "form_created_at": "1731229491",
        "node_id": "1904",
        "location": "",
        "deleted": "",
        "fields[summary][ru]": "💎АВТОВЫДАЧА💎 🔥 ПОПУЛЯРНЫЕ ВОПРОСЫ ОТ ИГРОКОВ ⚡ Clash of Clans 🔥 ✅БОНУС ЗА ОТЗЫВ✅",
        "fields[summary][en]": "💎AUTO-ISSUE💎 🔥 POPULAR QUESTIONS FROM PLAYERS ⚡ Clash of Clans 🔥 ✅BONUS FOR REVIEW✅",
        "auto_delivery": "",
        "price": "1",
        "amount": "99999",
        "active": "on",
        "fields[desc][ru]": "",
        "fields[desc][en]": "",
        "fields[payment_msg][ru]": "https://telegra.ph/Clash-of-Clans-Populyarnye-voprosy-ot-igrokov-01-06",
        "fields[payment_msg][en]": "https://telegra.ph/Clash-of-Clans-Populyarnye-voprosy-ot-igrokov-01-06",
        "secrets": ""
    },
    {
        "query": "",
        "form_created_at": "1731229492",
        "node_id": "1904",
        "location": "",
        "deleted": "",
        "fields[summary][ru]": "💎АВТОВЫДАЧА💎 🔥 СОВЕТЫ И СЕКРЕТЫ ⚡ Clash of Clans 🔥 ✅БОНУС ЗА ОТЗЫВ✅",
        "fields[summary][en]": "💎AUTO-ISSUE💎 🔥 TIPS AND SECRETS ⚡ Clash of Clans 🔥 ✅BONUS FOR REVIEW✅",
        "auto_delivery": "",
        "price": "1",
        "amount": "99999",
        "active": "on",
        "fields[desc][ru]": "",
        "fields[desc][en]": "",
        "fields[payment_msg][ru]": "https://telegra.ph/Clash-of-Clans-Sovety-i-Sekrety-01-06",
        "fields[payment_msg][en]": "https://telegra.ph/Clash-of-Clans-Sovety-i-Sekrety-01-06",
        "secrets": ""
    },
    {
        "query": "",
        "form_created_at": "1731229493",
        "node_id": "1904",
        "location": "",
        "deleted": "",
        "fields[summary][ru]": "💎АВТОВЫДАЧА💎 🔥 ПРОХОЖДЕНИЕ ДЕРЕВНИ СТРОИТЕЛЯ ⚡ Clash of Clans 🔥 ✅БОНУС ЗА ОТЗЫВ✅",
        "fields[summary][en]": "💎AUTOMATIC ISSUE💎 🔥 PASSAGE OF THE BUILDER VILLAGE ⚡ Clash of Clans 🔥 ✅BONUS FOR REVIEW✅",
        "auto_delivery": "",
        "price": "1",
        "amount": "999999",
        "active": "on",
        "fields[desc][ru]": "",
        "fields[desc][en]": "",
        "fields[payment_msg][ru]": "https://telegra.ph/Clash-of-Clans-Prohozhdenie-Derevni-stroitelya-01-06",
        "fields[payment_msg][en]": "https://telegra.ph/Clash-of-Clans-Prohozhdenie-Derevni-stroitelya-01-06",
        "secrets": ""
    },
    {
        "query": "",
        "form_created_at": "1731229494",
        "node_id": "1904",
        "location": "",
        "deleted": "",
        "fields[summary][ru]": "💎АВТОВЫДАЧА💎 🔥 ЛЕГЕНДАРНАЯ ЛИГА ⚡ Clash of Clans 🔥 ✅БОНУС ЗА ОТЗЫВ✅",
        "fields[summary][en]": "💎AUTO ISSUE💎 🔥 LEGENDARY LEAGUE ⚡ Clash of Clans 🔥 ✅REVIEW BONUS✅",
        "auto_delivery": "",
        "price": "1",
        "amount": "99999",
        "active": "on",
        "fields[desc][ru]": "",
        "fields[desc][en]": "",
        "fields[payment_msg][ru]": "https://telegra.ph/Clash-of-Clans-Legendarnaya-liga-01-06",
        "fields[payment_msg][en]": "https://telegra.ph/Clash-of-Clans-Legendarnaya-liga-01-06",
        "secrets": ""
    },
    {
        "query": "",
        "form_created_at": "1731229495",
        "node_id": "1904",
        "location": "",
        "deleted": "",
        "fields[summary][ru]": "💎АВТОВЫДАЧА💎 🔥 ВОПРОСЫ ПО ЗДАНИЯМ И УЛУЧШЕНИЯМ ⚡ Clash of Clans 🔥 ✅БОНУС ЗА ОТЗЫВ✅",
        "fields[summary][en]": "💎AUTO-ISSUE💎 🔥 QUESTIONS ABOUT BUILDINGS AND IMPROVEMENTS ⚡ Clash of Clans 🔥 ✅BONUS FOR REVIEW✅",
        "auto_delivery": "",
        "price": "1",
        "amount": "99999",
        "active": "on",
        "fields[desc][ru]": "",
        "fields[desc][en]": "",
        "fields[payment_msg][ru]": "https://telegra.ph/Clash-of-Clans-Voprosy-po-Zdaniyam-i-Uluchsheniyam-01-06",
        "fields[payment_msg][en]": "https://telegra.ph/Clash-of-Clans-Voprosy-po-Zdaniyam-i-Uluchsheniyam-01-06",
        "secrets": ""
    },
    {
        "query": "",
        "form_created_at": "1731229497",
        "node_id": "1904",
        "location": "",
        "deleted": "",
        "fields[summary][ru]": "💎АВТОВЫДАЧА💎 🔥 ГАЙД ДЛЯ НОВИЧКОВ ⚡ Clash of Clans 🔥 ✅БОНУС ЗА ОТЗЫВ✅",
        "fields[summary][en]": "💎AUTO-ISSUE💎 🔥 GUIDE FOR BEGINNERS ⚡ Clash of Clans 🔥 ✅BONUS FOR REVIEW✅",
        "auto_delivery": "",
        "price": "1",
        "amount": "99999",
        "active": "on",
        "fields[desc][ru]": "",
        "fields[desc][en]": "",
        "fields[payment_msg][ru]": "https://telegra.ph/Clash-of-Clans-Gajd-dlya-nachinayushchih-01-06",
        "fields[payment_msg][en]": "https://telegra.ph/Clash-of-Clans-Gajd-dlya-nachinayushchih-01-06",
        "secrets": ""
    },
    {
        "query": "",
        "form_created_at": "1731229499",
        "node_id": "1904",
        "location": "",
        "deleted": "",
        "fields[summary][ru]": "💎АВТОВЫДАЧА💎 🔥 СЕКРЕТЫ ОСАДНЫХ МАШИН ⚡ Clash of Clans 🔥 ✅БОНУС ЗА ОТЗЫВ✅",
        "fields[summary][en]": "💎AUTO-ISSUE💎 🔥 SECRETS OF SIEGE EQUIPMENT ⚡ Clash of Clans 🔥 ✅BONUS FOR REVIEW✅",
        "auto_delivery": "",
        "price": "1",
        "amount": "99999",
        "active": "on",
        "fields[desc][ru]": "",
        "fields[desc][en]": "",
        "fields[payment_msg][ru]": "https://telegra.ph/Clash-of-Clans-Sekrety-Osadnyh-mashin-01-06",
        "fields[payment_msg][en]": "https://telegra.ph/Clash-of-Clans-Sekrety-Osadnyh-mashin-01-06",
        "secrets": ""
    },
    {
        "query": "",
        "form_created_at": "1731229500",
        "node_id": "1904",
        "location": "",
        "deleted": "",
        "fields[summary][ru]": "💎АВТОВЫДАЧА💎 🔥 ГАЙД ПО ГЕРОЯМ ⚡ Clash of Clans 🔥 ✅БОНУС ЗА ОТЗЫВ✅",
        "fields[summary][en]": "💎AUTO-ISSUE💎 🔥 GUIDE TO HEROES ⚡ Clash of Clans 🔥 ✅BONUS FOR REVIEW✅",
        "auto_delivery": "",
        "price": "1",
        "amount": "99999",
        "active": "on",
        "fields[desc][ru]": "",
        "fields[desc][en]": "",
        "fields[payment_msg][ru]": "https://telegra.ph/Clash-of-Clans-Gajd-po-Geroyam-01-06",
        "fields[payment_msg][en]": "https://telegra.ph/Clash-of-Clans-Gajd-po-Geroyam-01-06",
        "secrets": ""
    },
    {
        "query": "",
        "form_created_at": "1731229503",
        "node_id": "1904",
        "location": "",
        "deleted": "",
        "fields[summary][ru]": "💎АВТОВЫДАЧА💎 🔥 ПРАВИЛЬНАЯ АТАКА И ОБОРОНА ⚡ Clash of Clans 🔥 ✅БОНУС ЗА ОТЗЫВ✅",
        "fields[summary][en]": "💎AUTO-RELEASE💎 🔥 CORRECT ATTACK AND DEFENSE ⚡ Clash of Clans 🔥 ✅REVIEW BONUS✅",
        "auto_delivery": "",
        "price": "1",
        "amount": "99999",
        "active": "on",
        "fields[desc][ru]": "",
        "fields[desc][en]": "",
        "fields[payment_msg][ru]": "https://telegra.ph/Clash-of-Clans-Pravilnaya-Ataka-i-Oborona-01-06",
        "fields[payment_msg][en]": "https://telegra.ph/Clash-of-Clans-Pravilnaya-Ataka-i-Oborona-01-06",
        "secrets": ""
    },
    {
        "query": "",
        "form_created_at": "1731229504",
        "node_id": "1351",
        "location": "",
        "deleted": "",
        "fields[summary][ru]": "❤️💙КОНФИГ S1MPLE❤️💙АВТО-ВЫДАЧА❤️💙",
        "fields[summary][en]": "❤️💙S1MPLE CONFIG❤️💙AUTO-ISSUANCE❤️💙",
        "auto_delivery": "",
        "price": "1",
        "amount": "99999",
        "active": "on",
        "fields[desc][ru]": "",
        "fields[desc][en]": "",
        "fields[payment_msg][ru]": "https://drive.google.com/drive/u/0/folders/1E0HatvL4SFI_2772lS07mYEafb5aRaZ2",
        "fields[payment_msg][en]": "https://drive.google.com/drive/u/0/folders/1E0HatvL4SFI_2772lS07mYEafb5aRaZ2",
        "secrets": "",
        "fields[type]": "Прочее"
    },
    {
        "query": "",
        "form_created_at": "1731229505",
        "node_id": "1351",
        "location": "",
        "deleted": "",
        "fields[summary][ru]": "❤️💙AHK ПРИЦЕЛ АВП❤️💙АВТО-ВЫДАЧА❤️💙",
        "fields[summary][en]": "❤️💙AHK AWP SIGHT❤️💙AUTO-ISSUANCE❤️💙",
        "auto_delivery": "",
        "price": "1",
        "amount": "99999",
        "active": "on",
        "fields[desc][ru]": "",
        "fields[desc][en]": "",
        "fields[payment_msg][ru]": "https://disk.yandex.ru/d/NbF9ZIma3lFRiw",
        "fields[payment_msg][en]": "https://disk.yandex.ru/d/NbF9ZIma3lFRiw",
        "secrets": "",
        "fields[type]": "Прочее"
    },
    {
        "query": "",
        "form_created_at": "1731229506",
        "node_id": "1351",
        "location": "",
        "deleted": "",
        "fields[summary][ru]": "❤️💙ГАЙД КАК СДЕЛАТЬ БЕСКОНЕЧНУЮ РАЗМИНКУ❤️💙АВТО-ВЫДАЧА❤️💙",
        "fields[summary][en]": "❤️💙GUIDE HOW TO DO AN ENDLESS WORKOUT❤️💙AUTO-ISSUANCE❤️💙",
        "auto_delivery": "",
        "price": "1",
        "amount": "99999",
        "active": "on",
        "fields[desc][ru]": "",
        "fields[desc][en]": "",
        "fields[payment_msg][ru]": "mp_warmuptime 999999999",
        "fields[payment_msg][en]": "mp_warmuptime 999999999",
        "secrets": "",
        "fields[type]": "Прочее"
    },
    {
        "query": "",
        "form_created_at": "1731229507",
        "node_id": "1351",
        "location": "",
        "deleted": "",
        "fields[summary][ru]": "❤️💙ПАК КОНФИГОВ NIPL | S1MPLE | ELECTRONIC | PERFECTO❤️💙АВТО-ВЫДАЧА❤️💙",
        "fields[summary][en]": "NIPL / S1MPLE / ELECTRONIC / PERFECTO CONFIG PACKAUTO-ISSUANCE❤️💙",
        "auto_delivery": "",
        "price": "1",
        "amount": "99999",
        "active": "on",
        "fields[desc][ru]": "",
        "fields[desc][en]": "",
        "fields[payment_msg][ru]": "https://disk.yandex.ru/d/tLSGBEqsYlrHnw",
        "fields[payment_msg][en]": "https://disk.yandex.ru/d/tLSGBEqsYlrHnw",
        "secrets": "",
        "fields[type]": "Прочее"
    },
    {
        "query": "",
        "form_created_at": "1731229509",
        "node_id": "723",
        "location": "",
        "deleted": "",
        "fields[summary][ru]": "❤️💙СПОСОБЫ УБРАТЬ ДЕРЕВЬЯ И ТРАВУ В DAYZ❤️💙АВТО-ВЫДАЧА❤️💙",
        "fields[summary][en]": "❤️💙WAYS TO REMOVE TREES AND GRASS IN DAYZ❤️💙AUTO-ISSUANCE❤️💙",
        "auto_delivery": "",
        "price": "1",
        "amount": "99999",
        "active": "on",
        "fields[desc][ru]": "",
        "fields[desc][en]": "",
        "fields[payment_msg][ru]": "https://drive.google.com/drive/folders/1oQ3pBiclyYztD1PVUqw5NlgXgOhZl4DK",
        "fields[payment_msg][en]": "https://drive.google.com/drive/folders/1oQ3pBiclyYztD1PVUqw5NlgXgOhZl4DK",
        "secrets": "",
        "server_id": "4825",
        "fields[type]": "Способы"
    },
    {
        "query": "",
        "form_created_at": "1731229510",
        "node_id": "723",
        "location": "",
        "deleted": "",
        "fields[summary][ru]": "❤️💙КАК ЛЕЧЬ БЕЗ АНИМАЦИИ DAYZ❤️💙АВТО-ВЫДАЧА❤️💙",
        "fields[summary][en]": "❤️💙HOW TO LIE DOWN WITHOUT ANIMATION DAYZ❤️💙AUTO-ISSUANCE❤️💙",
        "auto_delivery": "",
        "price": "1",
        "amount": "99999",
        "active": "on",
        "fields[desc][ru]": "",
        "fields[desc][en]": "",
        "fields[payment_msg][ru]": "https://docs.google.com/document/d/1rFeIdcal7WHFIJDbD_PQnahxKNdF4mGCmRvbG69UEhM/edit",
        "fields[payment_msg][en]": "https://docs.google.com/document/d/1rFeIdcal7WHFIJDbD_PQnahxKNdF4mGCmRvbG69UEhM/edit",
        "secrets": "",
        "server_id": "4825",
        "fields[type]": "Гайды"
    },
    {
        "query": "",
        "form_created_at": "1731229511",
        "node_id": "723",
        "location": "",
        "deleted": "",
        "fields[summary][ru]": "❤️💙DAYZ ЛУЧШИЙ СКРИПТ НА АВТОБЕГ❤️💙АВТО-ВЫДАЧА❤️💙",
        "fields[summary][en]": "DAYZ IS THE BEST SCRIPT FOR A CAR RACE.AUTO-ISSUANCE❤️💙",
        "auto_delivery": "",
        "price": "1",
        "amount": "99999",
        "active": "on",
        "fields[desc][ru]": "",
        "fields[desc][en]": "",
        "fields[payment_msg][ru]": "",
        "fields[payment_msg][en]": "https://disk.yandex.ru/d/ttI-T0eS574h-g",
        "secrets": "",
        "server_id": "4825",
        "fields[type]": "Макросы"
    },
    {
        "query": "",
        "form_created_at": "1731229512",
        "node_id": "723",
        "location": "",
        "deleted": "",
        "fields[summary][ru]": "❤️💙DAYZ ЛУЧШИЙ СКРИПТ НА АВТОБЕГ❤️💙АВТО-ВЫДАЧА❤️💙",
        "fields[summary][en]": "DAYZ IS THE BEST SCRIPT FOR A CAR RACE.AUTO-ISSUANCE❤️💙",
        "auto_delivery": "",
        "price": "1",
        "amount": "99999",
        "active": "on",
        "fields[desc][ru]": "",
        "fields[desc][en]": "",
        "fields[payment_msg][ru]": "https://disk.yandex.ru/d/ttI-T0eS574h-g",
        "fields[payment_msg][en]": "https://disk.yandex.ru/d/ttI-T0eS574h-g",
        "secrets": "",
        "server_id": "4825",
        "fields[type]": "Гайды"
    },
    {
        "query": "",
        "form_created_at": "1731229512",
        "node_id": "723",
        "location": "",
        "deleted": "",
        "fields[summary][ru]": "❤️💙DAYZ AHK ПРИЦЕЛ (ТОЧКА)❤️💙АВТО-ВЫДАЧА❤️💙",
        "fields[summary][en]": "DAYZ AHK SIGHT (DOT)❤️💙AUTO-ISSUANCE❤️💙",
        "auto_delivery": "",
        "price": "1",
        "amount": "99999",
        "active": "on",
        "fields[desc][ru]": "",
        "fields[desc][en]": "",
        "fields[payment_msg][ru]": "https://disk.yandex.ru/d/khEnOqDnG2I6SA",
        "fields[payment_msg][en]": "https://disk.yandex.ru/d/khEnOqDnG2I6SA",
        "secrets": "",
        "server_id": "4825",
        "fields[type]": "Гайды"
    },
    {
        "query": "",
        "form_created_at": "1731229513",
        "node_id": "1395",
        "location": "",
        "deleted": "",
        "fields[summary][ru]": "💎АВТОВЫДАЧА💎 🔥 ЛУЧШИЕ КАРТЫ НАВЫКОВ ⚡ Dead Island 2 🔥 ✅БОНУС ЗА ОТЗЫВ✅",
        "fields[summary][en]": "💎AUTO-ISSUE💎 🔥 BEST SKILL CARDS ⚡ Dead Island 2 🔥 ✅REVIEW BONUS✅",
        "auto_delivery": "",
        "price": "1",
        "amount": "99999",
        "active": "on",
        "fields[desc][ru]": "",
        "fields[desc][en]": "",
        "fields[payment_msg][ru]": "https://telegra.ph/Luchshie-karty-navykov-v-Dead-Island-2--kak-poluchit-i-komu-podojdut-01-05-11",
        "fields[payment_msg][en]": "https://telegra.ph/Luchshie-karty-navykov-v-Dead-Island-2--kak-poluchit-i-komu-podojdut-01-05-11",
        "secrets": "",
        "fields[platform]": "PC"
    },
    {
        "query": "",
        "form_created_at": "1731229515",
        "node_id": "1395",
        "location": "",
        "deleted": "",
        "fields[summary][ru]": "💎АВТОВЫДАЧА💎 🔥  ГАЙД ПО КООПЕРАТИВУ ⚡ Dead Island 2 🔥 ✅БОНУС ЗА ОТЗЫВ✅",
        "fields[summary][en]": "💎AUTO-ISSUE💎 🔥 COOPERATIVE GUIDE ⚡ Dead Island 2 🔥 ✅BONUS FOR REVIEW✅",
        "auto_delivery": "",
        "price": "1",
        "amount": "99999",
        "active": "on",
        "fields[desc][ru]": "",
        "fields[desc][en]": "",
        "fields[payment_msg][ru]": "https://telegra.ph/Gajd-po-kooperativu-v-Dead-Island-2--kak-igrat-s-druzyami-i-mozhno-li-projti-syuzhet-v-sovmestnom-rezhime-01-05-10",
        "fields[payment_msg][en]": "https://telegra.ph/Gajd-po-kooperativu-v-Dead-Island-2--kak-igrat-s-druzyami-i-mozhno-li-projti-syuzhet-v-sovmestnom-rezhime-01-05-10",
        "secrets": "",
        "fields[platform]": "PC"
    },
    {
        "query": "",
        "form_created_at": "1731229516",
        "node_id": "1395",
        "location": "",
        "deleted": "",
        "fields[summary][ru]": "💎АВТОВЫДАЧА💎 🔥 КАК РАЗБЛОКИРОВАТЬ БЫСТРОЕ ПЕРЕМЕЩЕНИЕ ⚡ Dead Island 2 🔥 ✅БОНУС ЗА ОТЗЫВ✅",
        "fields[summary][en]": "💎AUTO-ISSUE💎 🔥 HOW TO UNLOCK FAST TRAVEL ⚡ Dead Island 2 🔥 ✅REVIEW BONUS✅",
        "auto_delivery": "",
        "price": "1",
        "amount": "99999",
        "active": "on",
        "fields[desc][ru]": "",
        "fields[desc][en]": "",
        "fields[payment_msg][ru]": "https://telegra.ph/Kak-razblokirovat-bystroe-peremeshchenie-v-Dead-Island-2-01-05-11",
        "fields[payment_msg][en]": "https://telegra.ph/Kak-razblokirovat-bystroe-peremeshchenie-v-Dead-Island-2-01-05-11",
        "secrets": "",
        "fields[platform]": "PC"
    },
    {
        "query": "",
        "form_created_at": "1731229517",
        "node_id": "461",
        "location": "",
        "deleted": "",
        "fields[summary][ru]": "💎АВТОВЫДАЧА💎 🔥 ГАЙД ДЛЯ НОВИЧКОВ ⚡ Dead by Daylight 🔥 ✅БОНУС ЗА ОТЗЫВ✅",
        "fields[summary][en]": "💎AUTO-ISSUE💎 🔥 GUIDE FOR BEGINNERS ⚡ Dead by Daylight 🔥 ✅BONUS FOR REVIEW✅",
        "auto_delivery": "",
        "price": "1",
        "amount": "99999",
        "active": "on",
        "fields[desc][ru]": "",
        "fields[desc][en]": "",
        "fields[payment_msg][ru]": "",
        "fields[payment_msg][en]": "https://telegra.ph/Gajd-dlya-novichkov-Dead-by-Daylight-12-06",
        "secrets": "",
        "server_id": "7875",
        "fields[type]": "Гайды"
    },
    {
        "query": "",
        "form_created_at": "1731229518",
        "node_id": "461",
        "location": "",
        "deleted": "",
        "fields[summary][ru]": "💎АВТОВЫДАЧА💎 🔥 НАСТРОЙКИ ДЛЯ +ФПС ⚡ Dead by Daylight 🔥 ✅БОНУС ЗА ОТЗЫВ✅",
        "fields[summary][en]": "💎AUTO-ISSUE💎 🔥 SETTINGS FOR +FPS ⚡ Dead by Daylight 🔥 ✅BONUS FOR REVIEW✅",
        "auto_delivery": "",
        "price": "1",
        "amount": "99999",
        "active": "on",
        "fields[desc][ru]": "",
        "fields[desc][en]": "",
        "fields[payment_msg][ru]": "https://telegra.ph/Nastrojka-dbd-FPS-Input-12-06",
        "fields[payment_msg][en]": "https://telegra.ph/Nastrojka-dbd-FPS-Input-12-06",
        "secrets": "",
        "server_id": "7875",
        "fields[type]": "Гайды"
    },
    {
        "query": "",
        "form_created_at": "1731229520",
        "node_id": "461",
        "location": "",
        "deleted": "",
        "fields[summary][ru]": "💎АВТОВЫДАЧА💎 🔥 АКТУАЛЬНЫЕ ПРОМОКОДЫ ⚡ Dead by Daylight 🔥 ✅БОНУС ЗА ОТЗЫВ✅",
        "fields[summary][en]": "💎AUTO-ISSUE💎 🔥 CURRENT PROMO CODES ⚡ Dead by Daylight 🔥 ✅REVIEW BONUS✅",
        "auto_delivery": "",
        "price": "1",
        "amount": "99999",
        "active": "on",
        "fields[desc][ru]": "",
        "fields[desc][en]": "",
        "fields[payment_msg][ru]": "https://steamcommunity.com/sharedfiles/filedetails/?id=2798565043",
        "fields[payment_msg][en]": "https://steamcommunity.com/sharedfiles/filedetails/?id=2798565043",
        "secrets": "",
        "server_id": "7875",
        "fields[type]": "Гайды"
    },
    {
        "query": "",
        "form_created_at": "1731229521",
        "node_id": "461",
        "location": "",
        "deleted": "",
        "fields[summary][ru]": "💎АВТОВЫДАЧА💎 🔥АВТОМАТИЧЕСКИЙ ПОБЕГ ИЗ РУК МАНЬЯКА🔥 ✅БОНУС ЗА ОТЗЫВ✅",
        "fields[summary][en]": "💎AUTOMATIC ISSUING💎 🔥AUTOMATIC ESCAPE FROM THE HANDS OF A MANIAC🔥 ✅BONUS FOR REVIEW✅",
        "auto_delivery": "",
        "price": "1",
        "amount": "99999",
        "active": "on",
        "fields[desc][ru]": "",
        "fields[desc][en]": "",
        "fields[payment_msg][ru]": "https://disk.yandex.ru/d/Suqxg_tADvAUXQ",
        "fields[payment_msg][en]": "https://disk.yandex.ru/d/Suqxg_tADvAUXQ",
        "secrets": "",
        "server_id": "7875",
        "fields[type]": "Гайды"
    },
    {
        "query": "",
        "form_created_at": "1731229522",
        "node_id": "875",
        "location": "",
        "deleted": "",
        "fields[summary][ru]": "💎АВТОВЫДАЧА💎 🔥 ЧТО ДЕЛАТЬ ПОСЛЕ ПРОХОЖДЕНИЯ СЮЖЕТА ⚡ Destiny 2: Forsaken 🔥 ✅БОНУС ЗА ОТЗЫВ✅",
        "fields[summary][en]": "💎AUTO-ISSUE💎 🔥 WHAT TO DO AFTER COMPLETING THE STORY ⚡ Destiny 2: Forsaken 🔥 ✅BONUS FOR REVIEW✅",
        "auto_delivery": "",
        "price": "1",
        "amount": "99999",
        "active": "on",
        "fields[desc][ru]": "",
        "fields[desc][en]": "",
        "fields[payment_msg][ru]": "https://telegra.ph/CHto-delat-v-Destiny-2-Forsaken-posle-prohozhdeniya-syuzheta--3-zanyatiya-dlya-opytnogo-igroka-01-05-9",
        "fields[payment_msg][en]": "https://telegra.ph/CHto-delat-v-Destiny-2-Forsaken-posle-prohozhdeniya-syuzheta--3-zanyatiya-dlya-opytnogo-igroka-01-05-9",
        "secrets": "",
        "server_id": "1108"
    },
    {
        "query": "",
        "form_created_at": "1731229523",
        "node_id": "875",
        "location": "",
        "deleted": "",
        "fields[summary][ru]": "💎АВТОВЫДАЧА💎 🔥 КАК ПОЛУЧИТЬ РЕВОЛЬВЕР «ЗЛОУМЫШЛЕННИК» ⚡ Destiny 2: Forsaken 🔥 ✅БОНУС ЗА ОТЗЫВ✅",
        "fields[summary][en]": "💎AUTOMATIC ISSUE💎 🔥 HOW TO GET THE “MATTAINER” REVOLVER ⚡ Destiny 2: Forsaken 🔥 ✅REVIEW BONUS✅",
        "auto_delivery": "",
        "price": "1",
        "amount": "99999",
        "active": "on",
        "fields[desc][ru]": "",
        "fields[desc][en]": "",
        "fields[payment_msg][ru]": "https://telegra.ph/Kak-poluchit-ehkzoticheskij-revolver-Zloumyshlennik-Malfeasance-v-Destiny-2-Forsaken-01-05-9",
        "fields[payment_msg][en]": "https://telegra.ph/Kak-poluchit-ehkzoticheskij-revolver-Zloumyshlennik-Malfeasance-v-Destiny-2-Forsaken-01-05-9",
        "secrets": "",
        "server_id": "1108"
    },
    {
        "query": "",
        "form_created_at": "1731229525",
        "node_id": "875",
        "location": "",
        "deleted": "",
        "fields[summary][ru]": "💎АВТОВЫДАЧА💎 🔥 КАК ПОЛУЧИТЬ РЕВОЛЬВЕР «ЗЛОУМЫШЛЕННИК» ⚡ Destiny 2: Forsaken 🔥 ✅БОНУС ЗА ОТЗЫВ✅",
        "fields[summary][en]": "💎AUTOMATIC ISSUE💎 🔥 HOW TO GET THE “MATTAINER” REVOLVER ⚡ Destiny 2: Forsaken 🔥 ✅REVIEW BONUS✅",
        "auto_delivery": "",
        "price": "1",
        "amount": "99999",
        "active": "on",
        "fields[desc][ru]": "",
        "fields[desc][en]": "",
        "fields[payment_msg][ru]": "https://telegra.ph/Kak-poluchit-ehkzoticheskij-revolver-Zloumyshlennik-Malfeasance-v-Destiny-2-Forsaken-01-05-9",
        "fields[payment_msg][en]": "https://telegra.ph/Kak-poluchit-ehkzoticheskij-revolver-Zloumyshlennik-Malfeasance-v-Destiny-2-Forsaken-01-05-9",
        "secrets": "",
        "server_id": "3349"
    },
    {
        "query": "",
        "form_created_at": "1731229527",
        "node_id": "875",
        "location": "",
        "deleted": "",
        "fields[summary][ru]": "💎АВТОВЫДАЧА💎 🔥 КАК ПРОКАЧАТЬСЯ ⚡ Destiny 2 🔥 ✅БОНУС ЗА ОТЗЫВ✅",
        "fields[summary][en]": "💎AUTOMATIC ISSUE💎 🔥 HOW TO UPGRADE ⚡ Destiny 2 🔥 ✅BONUS FOR REVIEW✅",
        "auto_delivery": "",
        "price": "1",
        "amount": "99999",
        "active": "on",
        "fields[desc][ru]": "",
        "fields[desc][en]": "",
        "fields[payment_msg][ru]": "https://telegra.ph/Kak-prokachatsya-v-Destiny-2--nabor-opyta-sila-personazha-i-ehndgejm-01-05-9",
        "fields[payment_msg][en]": "https://telegra.ph/Kak-prokachatsya-v-Destiny-2--nabor-opyta-sila-personazha-i-ehndgejm-01-05-9",
        "secrets": "",
        "server_id": "1108"
    },
    {
        "query": "",
        "form_created_at": "1731229528",
        "node_id": "875",
        "location": "",
        "deleted": "",
        "fields[summary][ru]": "💎АВТОВЫДАЧА💎 🔥 ЭКЗОТИЧЕСКИЕ ВЕЩИ ⚡ Destiny 2 🔥 ✅БОНУС ЗА ОТЗЫВ✅",
        "fields[summary][en]": "💎AUTOMATIC ISSUE💎 🔥 EXOTIC ITEMS ⚡ Destiny 2 🔥 ✅REVIEW BONUS✅",
        "auto_delivery": "",
        "price": "1",
        "amount": "99999",
        "active": "on",
        "fields[desc][ru]": "",
        "fields[desc][en]": "",
        "fields[payment_msg][ru]": "https://telegra.ph/EHkzoticheskie-veshchi-Destiny-2--bronya-Ohotnika-kak-poluchit-shlemy-nagrudniki-perchatki-i-bronyu-dlya-nog-01-05-9",
        "fields[payment_msg][en]": "https://telegra.ph/EHkzoticheskie-veshchi-Destiny-2--bronya-Ohotnika-kak-poluchit-shlemy-nagrudniki-perchatki-i-bronyu-dlya-nog-01-05-9",
        "secrets": "",
        "server_id": "1108"
    },
    {
        "query": "",
        "form_created_at": "1731229529",
        "node_id": "875",
        "location": "",
        "deleted": "",
        "fields[summary][ru]": "💎АВТОВЫДАЧА💎 🔥 ГАЙД ПО КЛАССАМ ⚡ Destiny 2 🔥 ✅БОНУС ЗА ОТЗЫВ✅",
        "fields[summary][en]": "💎AUTO-ISSUE💎 🔥 CLASS GUIDE ⚡ Destiny 2 🔥 ✅BONUS FOR REVIEW✅",
        "auto_delivery": "",
        "price": "1",
        "amount": "99999",
        "active": "on",
        "fields[desc][ru]": "",
        "fields[desc][en]": "",
        "fields[payment_msg][ru]": "https://telegra.ph/Gajd-po-klassam-Destiny-2--kakoj-klass-vybrat-CHto-delaet-kazhdyj-klass-Kak-otkryt-podklassy-01-05-9",
        "fields[payment_msg][en]": "https://telegra.ph/Gajd-po-klassam-Destiny-2--kakoj-klass-vybrat-CHto-delaet-kazhdyj-klass-Kak-otkryt-podklassy-01-05-9",
        "secrets": "",
        "server_id": "1108"
    },
    {
        "query": "",
        "form_created_at": "1731229530",
        "node_id": "875",
        "location": "",
        "deleted": "",
        "fields[summary][ru]": "💎АВТОВЫДАЧА💎 🔥 ГДЕ НАЙТИ КЛИНОК «ЧЁРНЫЙ КОГОТЬ» ⚡ Destiny 2: Forsaken 🔥 ✅БОНУС ЗА ОТЗЫВ✅",
        "fields[summary][en]": "💎AUTO-ISSUE💎 🔥 WHERE TO FIND THE “BLACK CLAW” BLADE ⚡ Destiny 2: Forsaken 🔥 ✅REVIEW BONUS✅",
        "auto_delivery": "",
        "price": "1",
        "amount": "99999",
        "active": "on",
        "fields[desc][ru]": "",
        "fields[desc][en]": "",
        "fields[payment_msg][ru]": "https://telegra.ph/Gde-najti-strelyayushchij-Pustotoj-ehkzoticheskij-klinok-CHyornyj-Kogot-Black-Talon-v-Destiny-2-Otvergnutye-01-05-9",
        "fields[payment_msg][en]": "https://telegra.ph/Gde-najti-strelyayushchij-Pustotoj-ehkzoticheskij-klinok-CHyornyj-Kogot-Black-Talon-v-Destiny-2-Otvergnutye-01-05-9",
        "secrets": "",
        "server_id": "3349"
    },
    {
        "query": "",
        "form_created_at": "1731229531",
        "node_id": "875",
        "location": "",
        "deleted": "",
        "fields[summary][ru]": "💎АВТОВЫДАЧА💎 🔥 ГДЕ НАЙТИ КЛИНОК «ЧЁРНЫЙ КОГОТЬ» ⚡ Destiny 2: Forsaken 🔥 ✅БОНУС ЗА ОТЗЫВ✅",
        "fields[summary][en]": "💎AUTO-ISSUE💎 🔥 WHERE TO FIND THE “BLACK CLAW” BLADE ⚡ Destiny 2: Forsaken 🔥 ✅REVIEW BONUS✅",
        "auto_delivery": "",
        "price": "1",
        "amount": "9999",
        "active": "on",
        "fields[desc][ru]": "",
        "fields[desc][en]": "",
        "fields[payment_msg][ru]": "https://telegra.ph/Gde-najti-strelyayushchij-Pustotoj-ehkzoticheskij-klinok-CHyornyj-Kogot-Black-Talon-v-Destiny-2-Otvergnutye-01-05-9",
        "fields[payment_msg][en]": "https://telegra.ph/Gde-najti-strelyayushchij-Pustotoj-ehkzoticheskij-klinok-CHyornyj-Kogot-Black-Talon-v-Destiny-2-Otvergnutye-01-05-9",
        "secrets": "",
        "server_id": "1109"
    },
    {
        "query": "",
        "form_created_at": "1731229533",
        "node_id": "875",
        "location": "",
        "deleted": "",
        "fields[summary][ru]": "💎АВТОВЫДАЧА💎 🔥 ГДЕ НАЙТИ КЛИНОК «ЧЁРНЫЙ КОГОТЬ» ⚡ Destiny 2: Forsaken 🔥 ✅БОНУС ЗА ОТЗЫВ✅",
        "fields[summary][en]": "💎AUTO-ISSUE💎 🔥 WHERE TO FIND THE “BLACK CLAW” BLADE ⚡ Destiny 2: Forsaken 🔥 ✅REVIEW BONUS✅",
        "auto_delivery": "",
        "price": "1",
        "amount": "99999",
        "active": "on",
        "fields[desc][ru]": "",
        "fields[desc][en]": "",
        "fields[payment_msg][ru]": "https://telegra.ph/Gde-najti-strelyayushchij-Pustotoj-ehkzoticheskij-klinok-CHyornyj-Kogot-Black-Talon-v-Destiny-2-Otvergnutye-01-05-9",
        "fields[payment_msg][en]": "https://telegra.ph/Gde-najti-strelyayushchij-Pustotoj-ehkzoticheskij-klinok-CHyornyj-Kogot-Black-Talon-v-Destiny-2-Otvergnutye-01-05-9",
        "secrets": "",
        "server_id": "1108"
    },
    {
        "query": "",
        "form_created_at": "1731229534",
        "node_id": "875",
        "location": "",
        "deleted": "",
        "fields[summary][ru]": "💎АВТОВЫДАЧА💎 🔥 КАК ПОЛУЧИТЬ ДРОБОВИК «КОМПАНЬОН» ⚡ Destiny 2: Forsaken 🔥 ✅БОНУС ЗА ОТЗЫВ✅",
        "fields[summary][en]": "💎AUTO-ISSUE💎 🔥 HOW TO GET THE COMPANION SHOTGUN ⚡ Destiny 2: Forsaken 🔥 ✅REVIEW BONUS✅",
        "auto_delivery": "",
        "price": "1",
        "amount": "99999",
        "active": "on",
        "fields[desc][ru]": "",
        "fields[desc][en]": "",
        "fields[payment_msg][ru]": "https://telegra.ph/Kak-poluchit-ehkzoticheskij-drobovik-Kompanon-Chaperone-v-Destiny-2-Otvergnutye--gajd-01-05-9",
        "fields[payment_msg][en]": "https://telegra.ph/Kak-poluchit-ehkzoticheskij-drobovik-Kompanon-Chaperone-v-Destiny-2-Otvergnutye--gajd-01-05-9",
        "secrets": "",
        "server_id": "1108"
    },
    {
        "query": "",
        "form_created_at": "1731229535",
        "node_id": "875",
        "location": "",
        "deleted": "",
        "fields[summary][ru]": "💎АВТОВЫДАЧА💎 🔥ПАК КОДОВ+ИНСТРУКЦИЯ | ЭМБЛЕМЫ | ШЕЙДЕРЫ🔥 ✅БОНУС ЗА ОТЗЫВ✅",
        "fields[summary][en]": "💎AUTO ISSUANCE💎 🔥PACK OF CODES + INSTRUCTIONS | EMBLEMS | SHADERS🔥 ✅BONUS FOR REVIEW✅",
        "auto_delivery": "",
        "price": "1",
        "amount": "99999",
        "active": "on",
        "fields[desc][ru]": "",
        "fields[desc][en]": "",
        "fields[payment_msg][ru]": "https://disk.yandex.ru/d/Hbv7mT4TsOUB0A",
        "fields[payment_msg][en]": "https://disk.yandex.ru/d/Hbv7mT4TsOUB0A",
        "secrets": "",
        "server_id": "1108"
    },
    {
        "query": "",
        "form_created_at": "1731229536",
        "node_id": "504",
        "location": "",
        "deleted": "",
        "fields[mmr]": "",
        "fields[summary][ru]": "❤️💙КАК ИЗМЕНИТЬ ШРИФТ DOTA 2?❤️💙АВТО-ВЫДАЧА❤️💙",
        "fields[summary][en]": "❤️💙HOW TO CHANGE DOTA 2 FONT?❤️💙AUTO-ISSUE❤️💙",
        "auto_delivery": "",
        "price": "1",
        "amount": "99999",
        "active": "on",
        "fields[desc][ru]": "",
        "fields[desc][en]": "",
        "fields[payment_msg][ru]": "https://telegra.ph/KAK-IZMENIT-SHRIFT-DOTA-2AVTO-VYDACHA-05-15",
        "fields[payment_msg][en]": "https://telegra.ph/KAK-IZMENIT-SHRIFT-DOTA-2AVTO-VYDACHA-05-15",
        "secrets": "",
        "fields[type]": "Прочее"
    },
    {
        "query": "",
        "form_created_at": "1731229536",
        "node_id": "644",
        "location": "",
        "deleted": "",
        "fields[summary][ru]": "💎АВТОВЫДАЧА💎🔥МАКСИМАЛЬНАЯ ОПТИМИЗАЦИЯ ПК🔥 ✅БЕЗОПАСНО✅ +БОНУС ЗА ОТЗЫВ",
        "fields[summary][en]": "💎AUTO-ISSUE💎🔥MAXIMUM PC OPTIMIZATION🔥 ✅SAFE✅ +BONUS FOR REVIEW",
        "auto_delivery": "",
        "price": "1",
        "amount": "99999",
        "active": "on",
        "fields[desc][ru]": "",
        "fields[desc][en]": "",
        "fields[payment_msg][ru]": "https://telegra.ph/MAKSIMALNAYA-OPTIMIZACIYA-PK-03-10",
        "fields[payment_msg][en]": "https://telegra.ph/MAKSIMALNAYA-OPTIMIZACIYA-PK-03-10",
        "secrets": "",
        "fields[type]": "Прочее"
    },
    {
        "query": "",
        "form_created_at": "1731229537",
        "node_id": "644",
        "location": "",
        "deleted": "",
        "fields[summary][ru]": "💎АВТОВЫДАЧА💎 🔥 КАРТЫ ВЫХОДОВ ⚡ Escape from Tarkov 🔥 ✅БОНУС ЗА ОТЗЫВ✅",
        "fields[summary][en]": "💎AUTO-ISSUE💎 🔥 EXIT CARDS ⚡ Escape from Tarkov 🔥 ✅BONUS FOR REVIEW✅",
        "auto_delivery": "",
        "price": "1",
        "amount": "99999",
        "active": "on",
        "fields[desc][ru]": "",
        "fields[desc][en]": "",
        "fields[payment_msg][ru]": "https://telegra.ph/Kak-sbezhat-v-Escape-from-Tarkov--karty-vyhodov-01-05-2",
        "fields[payment_msg][en]": "https://telegra.ph/Kak-sbezhat-v-Escape-from-Tarkov--karty-vyhodov-01-05-2",
        "secrets": "",
        "fields[type]": "Прочее"
    },
    {
        "query": "",
        "form_created_at": "1731229538",
        "node_id": "644",
        "location": "",
        "deleted": "",
        "fields[summary][ru]": "💎АВТОВЫДАЧА💎 🔥 КАРТЫ ВЫХОДОВ ⚡ Escape from Tarkov 🔥 ✅БОНУС ЗА ОТЗЫВ✅",
        "fields[summary][en]": "💎AUTO-ISSUE💎 🔥 EXIT CARDS ⚡ Escape from Tarkov 🔥 ✅BONUS FOR REVIEW✅",
        "auto_delivery": "",
        "price": "1",
        "amount": "99999",
        "active": "on",
        "fields[desc][ru]": "",
        "fields[desc][en]": "",
        "fields[payment_msg][ru]": "https://telegra.ph/Kak-sbezhat-v-Escape-from-Tarkov--karty-vyhodov-01-05-2",
        "fields[payment_msg][en]": "https://telegra.ph/Kak-sbezhat-v-Escape-from-Tarkov--karty-vyhodov-01-05-2",
        "secrets": "",
        "fields[type]": "Прочее"
    },
    {
        "query": "",
        "form_created_at": "1731229540",
        "node_id": "644",
        "location": "",
        "deleted": "",
        "fields[summary][ru]": "💎АВТОВЫДАЧА💎 🔥 ВСЕ ВЫХОДЫ НА ЛОКАЦИИ «ЭПИЦЕНТР» ⚡ Escape from Tarkov 🔥 ✅БОНУС ЗА ОТЗЫВ✅",
        "fields[summary][en]": "💎AUTOMATIC ISSUE💎 🔥 ALL EXITS AT THE EPICENTER LOCATION ⚡ Escape from Tarkov 🔥 ✅BONUS FOR REVIEW✅",
        "auto_delivery": "",
        "price": "1",
        "amount": "99999",
        "active": "on",
        "fields[desc][ru]": "",
        "fields[desc][en]": "",
        "fields[payment_msg][ru]": "",
        "fields[payment_msg][en]": "https://telegra.ph/Vse-vyhody-na-lokacii-EHpicentr-v-Escape-from-Tarkov-01-05-2",
        "secrets": "",
        "fields[type]": "Прочее"
    },
    {
        "query": "",
        "form_created_at": "1731229543",
        "node_id": "644",
        "location": "",
        "deleted": "",
        "fields[summary][ru]": "💎АВТОВЫДАЧА💎 🔥 ПУСТЫЕ СЕРВЕРА ФАРМ НА ТАМОЖНЕ И РЕЗЕРВЕ + КРАСНЫЕ КАРТЫ 🔥 ✅БОНУС ЗА ОТЗЫВ✅",
        "fields[summary][en]": "💎AUTO-ISSUE💎 🔥 EMPTY FARM SERVERS AT CUSTOMS AND RESERVE + RED CARDS 🔥 ✅BONUS FOR REVIEW✅",
        "auto_delivery": "",
        "price": "1",
        "amount": "99999",
        "active": "on",
        "fields[desc][ru]": "",
        "fields[desc][en]": "",
        "fields[payment_msg][ru]": "https://disk.yandex.ru/d/q5Kio9eTwPWyPg",
        "fields[payment_msg][en]": "https://disk.yandex.ru/d/q5Kio9eTwPWyPg",
        "secrets": "",
        "fields[type]": "Гайды"
    },
    {
        "query": "",
        "form_created_at": "1731229544",
        "node_id": "644",
        "location": "",
        "deleted": "",
        "fields[summary][ru]": "💎АВТОВЫДАЧА💎 🔥ЛУЧШИЕ СОВЕТЫ НОВИЧКУ ⚡️ ПАК 4 В 1🔥 ✅БОНУС ЗА ОТЗЫВ✅",
        "fields[summary][en]": "💎AUTOMATIC ISSUE💎 🔥BEST TIPS FOR A BEGGINER ⚡️ PACK 4 IN 1🔥 ✅BONUS FOR REVIEW✅",
        "auto_delivery": "",
        "price": "1",
        "amount": "99999",
        "active": "on",
        "fields[desc][ru]": "",
        "fields[desc][en]": "",
        "fields[payment_msg][ru]": "https://disk.yandex.ru/i/NpeCOuJWd_GEjA",
        "fields[payment_msg][en]": "https://disk.yandex.ru/i/NpeCOuJWd_GEjA",
        "secrets": "",
        "fields[type]": "Прочее"
    },
    {
        "query": "",
        "form_created_at": "1731229545",
        "node_id": "644",
        "location": "",
        "deleted": "",
        "fields[summary][ru]": "💎АВТОВЫДАЧА💎 🔥ЛУЧШАЯ СБОРКА СВДС ДЛЯ СТРЕЛЬБЫ СРЕДНЕЙ ДИСТАНЦИИ🔥 ✅БОНУС ЗА ОТЗЫВ✅",
        "fields[summary][en]": "💎AUTO ISSUING💎 🔥BEST SVDS ASSEMBLY FOR MIDDLE-DISTANCE SHOOTING🔥 ✅BONUS FOR REVIEW✅",
        "auto_delivery": "",
        "price": "1",
        "amount": "99999",
        "active": "on",
        "fields[desc][ru]": "",
        "fields[desc][en]": "",
        "fields[payment_msg][ru]": "https://disk.yandex.ru/d/0jVMPWCd8nmUNA",
        "fields[payment_msg][en]": "https://disk.yandex.ru/d/0jVMPWCd8nmUNA",
        "secrets": "",
        "fields[type]": "Прочее"
    },
    {
        "query": "",
        "form_created_at": "1731229546",
        "node_id": "644",
        "location": "",
        "deleted": "",
        "fields[summary][ru]": "💎АВТОВЫДАЧА💎 🔥ЛУЧШАЯ СБОРКА М4А1 НА ЭРГОНОМИКУ И ОТДАЧУ🔥 ✅БОНУС ЗА ОТЗЫВ✅",
        "fields[summary][en]": "💎AUTO DISCHARGE💎 🔥BEST M4A1 ASSEMBLY FOR ERGONOMICS AND RECOIL🔥 ✅BONUS FOR REVIEW✅",
        "auto_delivery": "",
        "price": "1",
        "amount": "99999",
        "active": "on",
        "fields[desc][ru]": "",
        "fields[desc][en]": "",
        "fields[payment_msg][ru]": "https://disk.yandex.ru/d/RlfUp8b8Y3C_XA",
        "fields[payment_msg][en]": "https://disk.yandex.ru/d/RlfUp8b8Y3C_XA",
        "secrets": "",
        "fields[type]": "Прочее"
    },
    {
        "query": "",
        "form_created_at": "1731229547",
        "node_id": "644",
        "location": "",
        "deleted": "",
        "fields[summary][ru]": "💎АВТОВЫДАЧА💎 🔥МЕТА СБОРКА МК47 МУТАНТ НА МИНИМАЛЬНУЮ ОТДАЧУ🔥 ✅БОНУС ЗА ОТЗЫВ✅",
        "fields[summary][en]": "💎AUTO DISPENDING💎 🔥META ASSEMBLY MK47 MUTANT FOR MINIMUM RECOIL🔥 ✅BONUS FOR REVIEW✅",
        "auto_delivery": "",
        "price": "1",
        "amount": "99999",
        "active": "on",
        "fields[desc][ru]": "",
        "fields[desc][en]": "",
        "fields[payment_msg][ru]": "https://disk.yandex.ru/d/19eGhVIs35nZKg",
        "fields[payment_msg][en]": "https://disk.yandex.ru/d/19eGhVIs35nZKg",
        "secrets": "",
        "fields[type]": "Прочее"
    },
    {
        "query": "",
        "form_created_at": "1731229549",
        "node_id": "644",
        "location": "",
        "deleted": "",
        "fields[summary][ru]": "💎АВТОВЫДАЧА💎 🔥СПОСОБЫ ФАРМА🔥 ✅БОНУС ЗА ОТЗЫВ✅",
        "fields[summary][en]": "💎AUTOMATIC DISCHARGE💎 🔥FARMING WAYS🔥 ✅BONUS FOR REVIEW✅",
        "auto_delivery": "",
        "price": "1",
        "amount": "99999",
        "active": "on",
        "fields[desc][ru]": "",
        "fields[desc][en]": "",
        "fields[payment_msg][ru]": "https://telegra.ph/Escape-from-Tarkov-SPOSOBY-FARMA-AVTOVYDACHA-04-04",
        "fields[payment_msg][en]": "https://telegra.ph/Escape-from-Tarkov-SPOSOBY-FARMA-AVTOVYDACHA-04-04",
        "secrets": "",
        "fields[type]": "Прочее"
    },
    {
        "query": "",
        "form_created_at": "1731229550",
        "node_id": "644",
        "location": "",
        "deleted": "",
        "fields[summary][ru]": "💎АВТОВЫДАЧА💎 🔥СЕКРЕТНЫЙ ТАЙНИК ШТУРМАНА🔥 ✅БОНУС ЗА ОТЗЫВ✅",
        "fields[summary][en]": "💎AUTOMATIC ISSUE💎 🔥STURMAN'S SECRET STOCK🔥 ✅BONUS FOR REVIEW✅",
        "auto_delivery": "",
        "price": "1",
        "amount": "99999",
        "active": "on",
        "fields[desc][ru]": "",
        "fields[desc][en]": "",
        "fields[payment_msg][ru]": "https://docs.google.com/document/d/1QT8J2ew-ipsYwgqpoIgMWNLN51gHWQ0MnCtAf-ZITTQ/edit",
        "fields[payment_msg][en]": "https://docs.google.com/document/d/1QT8J2ew-ipsYwgqpoIgMWNLN51gHWQ0MnCtAf-ZITTQ/edit",
        "secrets": "",
        "fields[type]": "Прочее"
    },
    {
        "query": "",
        "form_created_at": "1731229552",
        "node_id": "644",
        "location": "",
        "deleted": "",
        "fields[summary][ru]": "💎АВТОВЫДАЧА💎 🔥39 ТАЙНИКОВ В ЛОКАЦИИ БЕРЕГ🔥 ✅БОНУС ЗА ОТЗЫВ✅",
        "fields[summary][en]": "💎AUTOMATIC ISSUE💎 🔥39 SECRETS IN THE SHORE LOCATION🔥 ✅BONUS FOR REVIEW✅",
        "auto_delivery": "",
        "price": "1",
        "amount": "99999",
        "active": "on",
        "fields[desc][ru]": "",
        "fields[desc][en]": "",
        "fields[payment_msg][ru]": "https://docs.google.com/document/d/1Jp_k5frI9DKYbv50QLRAd0TlZ467IQGM4XFhZL0jedo/edit",
        "fields[payment_msg][en]": "https://docs.google.com/document/d/1Jp_k5frI9DKYbv50QLRAd0TlZ467IQGM4XFhZL0jedo/edit",
        "secrets": "",
        "fields[type]": "Прочее"
    },
    {
        "query": "",
        "form_created_at": "1731229553",
        "node_id": "644",
        "location": "",
        "deleted": "",
        "fields[summary][ru]": "💎АВТОВЫДАЧА💎 🔥23 ТАЙНИКА В ЛОКАЦИИ ТАМОЖНЯ🔥 ✅БОНУС ЗА ОТЗЫВ✅",
        "fields[summary][en]": "💎AUTOMATIC ISSUANCE💎 🔥23 STECHES IN CUSTOMS LOCATION🔥 ✅BONUS FOR REVIEW✅",
        "auto_delivery": "",
        "price": "1",
        "amount": "99999",
        "active": "on",
        "fields[desc][ru]": "",
        "fields[desc][en]": "",
        "fields[payment_msg][ru]": "https://docs.google.com/document/d/1OiwMSD5xuWh9kXGF024_ZlEI6Ktj-k5HO2KL_K9I7Lk/edit",
        "fields[payment_msg][en]": "https://docs.google.com/document/d/1OiwMSD5xuWh9kXGF024_ZlEI6Ktj-k5HO2KL_K9I7Lk/edit",
        "secrets": "",
        "fields[type]": "Гайды"
    },
    {
        "query": "",
        "form_created_at": "1731229554",
        "node_id": "644",
        "location": "",
        "deleted": "",
        "fields[summary][ru]": "💎АВТОВЫДАЧА💎 🔥13 ТАЙНИКОВ В ЛОКАЦИИ МАЯК🔥 ✅БОНУС ЗА ОТЗЫВ✅",
        "fields[summary][en]": "💎AUTOMATIC ISSUE💎 🔥13 SECRETS IN THE LIGHTHOUSE LOCATION🔥 ✅BONUS FOR REVIEW✅",
        "auto_delivery": "",
        "price": "1",
        "amount": "99999",
        "active": "on",
        "fields[desc][ru]": "",
        "fields[desc][en]": "",
        "fields[payment_msg][ru]": "https://docs.google.com/document/d/19ADcHpRYfi8lOhSahgbMlgDnrxNgbBdqnUVEI_dgGCc/edit",
        "fields[payment_msg][en]": "https://docs.google.com/document/d/19ADcHpRYfi8lOhSahgbMlgDnrxNgbBdqnUVEI_dgGCc/edit",
        "secrets": "",
        "fields[type]": "Прочее"
    },
    {
        "query": "",
        "form_created_at": "1731229555",
        "node_id": "1098",
        "location": "",
        "deleted": "",
        "fields[summary][ru]": "✅🔥СОВЕТ ОТ АНРИЛА | НЕРЕАЛЬНЫЙ РАНГ🔥✅",
        "fields[summary][en]": "✅🔥ADVICE FROM AN UNREAL RANK🔥✅",
        "auto_delivery": "",
        "price": "1",
        "amount": "999999",
        "active": "on",
        "fields[desc][ru]": "",
        "fields[desc][en]": "",
        "fields[payment_msg][ru]": "Задавайте вопросы",
        "fields[payment_msg][en]": "Ask questions",
        "secrets": "",
        "server_id": "1221"
    },
    {
        "query": "",
        "form_created_at": "1731229556",
        "node_id": "1098",
        "location": "",
        "deleted": "",
        "fields[summary][ru]": "💎АВТОВЫДАЧА💎 🔥 13 ВАЖНЫХ СОВЕТОВ ДЛЯ НОВИЧКОВ ⚡ Fortnite 🔥 ✅БОНУС ЗА ОТЗЫВ✅",
        "fields[summary][en]": "💎AUTOMATIC ISSUE💎 🔥 13 IMPORTANT TIPS FOR BEGINNERS ⚡ Fortnite 🔥 ✅REVIEW BONUS✅",
        "auto_delivery": "",
        "price": "1",
        "amount": "99999",
        "active": "on",
        "fields[desc][ru]": "",
        "fields[desc][en]": "",
        "fields[payment_msg][ru]": "https://telegra.ph/Gajd-po-igre-Fortnite-13-vazhnyh-sovetov-dlya-novichkov-12-06",
        "fields[payment_msg][en]": "https://telegra.ph/Gajd-po-igre-Fortnite-13-vazhnyh-sovetov-dlya-novichkov-12-06",
        "secrets": "",
        "server_id": "1221"
    },
    {
        "query": "",
        "form_created_at": "1731229557",
        "node_id": "1098",
        "location": "",
        "deleted": "",
        "fields[summary][ru]": "💎АВТОВЫДАЧА💎 🔥 КАК ИГРАТЬ В FORTNITE НА IPHONE ⚡ Fortnite 🔥 ✅БОНУС ЗА ОТЗЫВ✅",
        "fields[summary][en]": "💎AUTO-ISSUE💎 🔥 HOW TO PLAY FORTNITE ON IPHONE ⚡ Fortnite 🔥 ✅REVIEW BONUS✅",
        "auto_delivery": "",
        "price": "1",
        "amount": "99999",
        "active": "on",
        "fields[desc][ru]": "",
        "fields[desc][en]": "",
        "fields[payment_msg][ru]": "https://telegra.ph/Fortnajt-na-ajfon-04-09",
        "fields[payment_msg][en]": "https://telegra.ph/Fortnajt-na-ajfon-04-09",
        "secrets": "",
        "server_id": "1221"
    },
    {
        "query": "",
        "form_created_at": "1731229558",
        "node_id": "1098",
        "location": "",
        "deleted": "",
        "fields[summary][ru]": "💎АВТОВЫДАЧА💎 🔥ЛУЧШИЕ КАРТЫ ДЛЯ ТРЕНИРОВКИ СТРОИТЕЛЬСТВА🔥 ✅БОНУС ЗА ОТЗЫВ✅",
        "fields[summary][en]": "💎AUTO-ISSUE💎 🔥BEST MAPS FOR CONSTRUCTION TRAINING🔥 ✅BONUS FOR REVIEW✅",
        "auto_delivery": "",
        "price": "1",
        "amount": "99999",
        "active": "on",
        "fields[desc][ru]": "",
        "fields[desc][en]": "",
        "fields[payment_msg][ru]": "https://telegra.ph/lushie-karty-dlya-trenirovki-stroitelstva-04-03",
        "fields[payment_msg][en]": "https://telegra.ph/lushie-karty-dlya-trenirovki-stroitelstva-04-03",
        "secrets": "",
        "server_id": "1221"
    },
    {
        "query": "",
        "form_created_at": "1731229559",
        "node_id": "1098",
        "location": "",
        "deleted": "",
        "fields[summary][ru]": "💎АВТОВЫДАЧА💎 🔥ЛУШИЕ КАРТЫ ДЛЯ ТРЕНИРОВКИ ⚡️ АИМ + СТРОЙКА🔥 ✅БОНУС ЗА ОТЗЫВ✅",
        "fields[summary][en]": "💎AUTO-ISSUE💎 🔥BEST MAPS FOR TRAINING ⚡️ AIM + BUILDING🔥 ✅BONUS FOR REVIEW✅",
        "auto_delivery": "",
        "price": "1",
        "amount": "99999",
        "active": "on",
        "fields[desc][ru]": "",
        "fields[desc][en]": "",
        "fields[payment_msg][ru]": "https://telegra.ph/lushie-karty-dlya-trenirovki--aim--strojka-04-03",
        "fields[payment_msg][en]": "https://telegra.ph/lushie-karty-dlya-trenirovki--aim--strojka-04-03",
        "secrets": "",
        "server_id": "1221"
    },
    {
        "query": "",
        "form_created_at": "1731229560",
        "node_id": "874",
        "location": "",
        "deleted": "",
        "fields[summary][ru]": "❤️💙ROBLOX 10 ТОПОВЫХ КОДА НА ВЕЩИ❤️💙АВТО-ВЫДАЧА❤️💙",
        "fields[summary][en]": "❤️💙ROBLOX 10 TOP CODES FOR THINGS❤️💙AUTO-ISSUANCE❤️💙",
        "auto_delivery": "",
        "price": "1",
        "amount": "99999",
        "active": "on",
        "fields[desc][ru]": "",
        "fields[desc][en]": "",
        "fields[payment_msg][ru]": "https://telegra.ph/ROBLOX-10-TOPOVYH-KODA-NA-VESHCHIAVTO-VYDACHA-05-15",
        "fields[payment_msg][en]": "https://telegra.ph/ROBLOX-10-TOPOVYH-KODA-NA-VESHCHIAVTO-VYDACHA-05-15",
        "secrets": "",
        "fields[type]": "Прочее"
    },
    {
        "query": "",
        "form_created_at": "1731229561",
        "node_id": "874",
        "location": "",
        "deleted": "",
        "fields[summary][ru]": "❤️💙ROBLOX ЛУЧШИЙ ГАЙД НА BOOST FPS. ОПТИМИЗАЦИЯ ИГРЫ❤️💙АВТО-ВЫДАЧА❤️💙",
        "fields[summary][en]": "ROBLOX IS THE BEST GUIDE FOR BOOST FPS. GAME OPTIMIZATION❤️💙AUTO-ISSUANCE❤️💙",
        "auto_delivery": "",
        "price": "1",
        "amount": "99999",
        "active": "on",
        "fields[desc][ru]": "",
        "fields[desc][en]": "",
        "fields[payment_msg][ru]": "https://telegra.ph/Roblox-10-16",
        "fields[payment_msg][en]": "https://telegra.ph/Roblox-10-16",
        "secrets": "",
        "fields[type]": "Прочее"
    },
    {
        "query": "",
        "form_created_at": "1731229562",
        "node_id": "874",
        "location": "",
        "deleted": "",
        "fields[summary][ru]": "❤️💙ROBLOX 10 ТОПОВЫХ КОДА НА ВЕЩИ❤️💙АВТО-ВЫДАЧА❤️💙",
        "fields[summary][en]": "❤️💙ROBLOX 10 TOP CODES FOR THINGS❤️💙AUTO-ISSUANCE❤️💙",
        "auto_delivery": "",
        "price": "1",
        "amount": "99999",
        "active": "on",
        "fields[desc][ru]": "",
        "fields[desc][en]": "",
        "fields[payment_msg][ru]": "https://telegra.ph/ROBLOX-10-TOPOVYH-KODA-NA-VESHCHIAVTO-VYDACHA-05-15",
        "fields[payment_msg][en]": "https://telegra.ph/ROBLOX-10-TOPOVYH-KODA-NA-VESHCHIAVTO-VYDACHA-05-15",
        "secrets": "",
        "fields[type]": "Прочее"
    },
    {
        "query": "",
        "form_created_at": "1731229564",
        "node_id": "874",
        "location": "",
        "deleted": "",
        "fields[summary][ru]": "❤️💙ROBLOX ЛУЧШИЙ ГАЙД НА BOOST FPS. ОПТИМИЗАЦИЯ ИГРЫ❤️💙АВТО-ВЫДАЧА❤️💙",
        "fields[summary][en]": "ROBLOX IS THE BEST GUIDE FOR BOOST FPS. GAME OPTIMIZATION❤️💙AUTO-ISSUANCE❤️💙",
        "auto_delivery": "",
        "price": "1",
        "amount": "99999",
        "active": "on",
        "fields[desc][ru]": "",
        "fields[desc][en]": "",
        "fields[payment_msg][ru]": "https://telegra.ph/Roblox-10-16",
        "fields[payment_msg][en]": "https://telegra.ph/Roblox-10-16",
        "secrets": "",
        "fields[type]": "Прочее"
    },
    {
        "query": "",
        "form_created_at": "1731229565",
        "node_id": "613",
        "location": "",
        "deleted": "",
        "fields[summary][ru]": "❤️💙Скины и брелки в Valorant: Изменение внешнего вида оружия❤️💙АВТО-ВЫДАЧА❤️💙",
        "fields[summary][en]": "❤️💙Skins and keychains in Valorant: Changing the appearance of weapons❤️💙AUTO-ISSUE❤️💙",
        "auto_delivery": "",
        "price": "1",
        "amount": "99999",
        "active": "on",
        "fields[desc][ru]": "",
        "fields[desc][en]": "",
        "fields[payment_msg][ru]": "https://telegra.ph/Skiny-i-brelki-v-Valorant-Izmenenie-vneshnego-vida-oruzhiyaAVTO-VYDACHA-05-18",
        "fields[payment_msg][en]": "https://telegra.ph/Skiny-i-brelki-v-Valorant-Izmenenie-vneshnego-vida-oruzhiyaAVTO-VYDACHA-05-18",
        "secrets": "",
        "fields[type]": "Прочее"
    },
    {
        "query": "",
        "form_created_at": "1731229566",
        "node_id": "613",
        "location": "",
        "deleted": "",
        "fields[summary][ru]": "❤️💙Ошибки в Valorant: И их исправление❤️💙АВТО-ВЫДАЧА❤️💙",
        "fields[summary][en]": "❤️💙Errors in Valorant: And their correction❤️💙AUTO-ISSUE❤️💙",
        "auto_delivery": "",
        "price": "1",
        "amount": "99999",
        "active": "on",
        "fields[desc][ru]": "",
        "fields[desc][en]": "",
        "fields[payment_msg][ru]": "https://telegra.ph/Oshibki-v-Valorant-I-ih-ispravlenieAVTO-VYDACHA-05-18",
        "fields[payment_msg][en]": "https://telegra.ph/Oshibki-v-Valorant-I-ih-ispravlenieAVTO-VYDACHA-05-18",
        "secrets": "",
        "fields[type]": "Прочее"
    },
    {
        "query": "",
        "form_created_at": "1731229571",
        "node_id": "613",
        "location": "",
        "deleted": "",
        "fields[summary][ru]": "❤️💙Не удалось установить зависимости в Valorant: Как исправить ошибку?❤️💙АВТО-ВЫДАЧА❤️💙",
        "fields[summary][en]": "❤️💙Failed to install dependencies in Valorant: How to fix the error?❤️💙AUTO-ISSUE❤️💙",
        "auto_delivery": "",
        "price": "1",
        "amount": "99999",
        "active": "on",
        "fields[desc][ru]": "",
        "fields[desc][en]": "",
        "fields[payment_msg][ru]": "https://telegra.ph/Ne-udalos-ustanovit-zavisimosti-v-Valorant-Kak-ispravit-oshibkuAVTO-VYDACHA-05-18",
        "fields[payment_msg][en]": "https://telegra.ph/Ne-udalos-ustanovit-zavisimosti-v-Valorant-Kak-ispravit-oshibkuAVTO-VYDACHA-05-18",
        "secrets": "",
        "fields[type]": "Прочее"
    }
]