[
    {
        "chat_id": "users-8723874-16699490",
        "order_id": "WC4NYLUM",
        "id_zakaz": 188978364,
        "status": "Pending",
        "chistota": 6.48,
        "customer_url": "https://t.me/nsjxjdjdbse/3",
        "quantity": 6488,
        "service_number": 1,
        "is_refunded": true,
        "spent": 0.0,
        "summa": 6.48,
        "currency": "RUB"
    },
    {
        "chat_id": "users-8723874-16759100",
        "order_id": "RRSN9YK8",
        "id_zakaz": 190919584,
        "status": "Completed",
        "chistota": 10.3,
        "customer_url": "https://www.instagram.com/real.ali888?igsh=MW5lNDhiZTkxdDUzOQ%3D%3D&utm_source=qr",
        "quantity": 122,
        "service_number": 1,
        "is_refunded": false,
        "spent": 11.6609,
        "summa": 21.96,
        "currency": "RUB"
    }
]